"John","Doe","A1@s","10000000","973-971-9731","jd@foo.bar"
"Randy","Orton","B2@s","10000001","973-123-1234","ro@gmail.com"
"Dr.","House","C3@s","10000002","973-722-1562","dh@hospital.med"
"Luka","Doncic","Mav77!","10000003","772-113-1543","ld@mavericks.ball"
"Super","Mario","Nes90!","10000004","123-432-1526","sm@nintendo.com"
"Jayda","Bowers","Jb72!","10000005","423-162-6273","jb@yahoo.com"
"Clementine","Hodges","Ch69!","10000006","627-423-1678","ch@baz.net"
"Lilith","Ferreira","Lf22!","10000007","167-126-7239","lf@books.org"
"Amit","Christensen","Ac123!","10000008","782-743-1235","ac@books.org"
"Sanjeev","Mccall","Sm52!","10000009","623-127-2370","sm@read.book"
"Euan","Hill","Eh123!","10000010","777-222-1234","eh@koth.net"
